<?xml version="1.0" encoding="UTF-8"?>
<project-private xmlns="http://www.netbeans.org/ns/project-private/1">
    <editor-bookmarks xmlns="http://www.netbeans.org/ns/editor-bookmarks/2" lastBookmarkId="0"/>
    <open-files xmlns="http://www.netbeans.org/ns/projectui-open-files/2">
        <group>
            <file>file:/Z:/NetBeans%20Projects/Epos/src/epos/Epos.java</file>
            <file>file:/Z:/NetBeans%20Projects/Epos/src/epos/UserController.java</file>
            <file>file:/Z:/NetBeans%20Projects/Epos/src/epos/User.java</file>
            <file>file:/Z:/NetBeans%20Projects/Epos/src/epos/View.java</file>
        </group>
    </open-files>
</project-private>
